"ID","Description","GeneRatio","BgRatio","pvalue","p.adjust","qvalue","geneID","Count"
"GO:0010595","positive regulation of endothelial cell migration","5/40","122/18493",6.29444960888289e-06,0.00784917866227696,0.00461255501451683,"PLPP3/HDAC9/NOS3/JCAD/BCAS3",5
"GO:0061041","regulation of wound healing","5/40","134/18493",9.94762148420202e-06,0.0124046839907999,0.00461255501451683,"PLPP3/ADTRP/PLG/NOS3/SMAD3",5
"GO:0061045","negative regulation of wound healing","4/40","72/18493",1.73597152817653e-05,0.0216475649563614,0.00493912839039926,"ADTRP/PLG/NOS3/SMAD3",4
"GO:1903034","regulation of response to wounding","5/40","160/18493",2.34609539901084e-05,0.0292558096256651,0.00493912839039926,"PLPP3/ADTRP/PLG/NOS3/SMAD3",5
"GO:0010634","positive regulation of epithelial cell migration","5/40","165/18493",2.72004034196657e-05,0.0339189030643232,0.00493912839039926,"PLPP3/HDAC9/NOS3/JCAD/BCAS3",5
"GO:1903035","negative regulation of response to wounding","4/40","84/18493",3.1955768246624e-05,0.0398488430035402,0.00493912839039926,"ADTRP/PLG/NOS3/SMAD3",4
